cntaobaoabc001,system
cntaobaojxxgg,system
cntaobaochmrwx,system
cntaobao@1=4,system
cntaobaoabc200:Ll2E,system
cntaobaocooldog,system
cntaobao2;6.,system
cntaobaoabcd002,system
cntaobaoabc502,system
cntaobaoevita,system
cntaobaocoffeechen,system
cntaobaostartan,system
cntaobaoA+V[,system
cntaobaoH}7a,system
cntaobaoviyamo,system
cntaobaomfrogc4,system
cntaobaoU}7g1,system
cntaobaoxiaobao,system
cntaobaoTFFk2bJTUJ:E10,system
cntaobaoabcR;P],system
cntaobaozizaitest10010,system
cntaobaosogood,system
cntaobaoabc2002,system
cntaobaoSq;*I=W/,system
cntaobaohellokityW(Bt5j,system
cntaobaoabctao,system
cntaobaoabcterence,system
cntaobaoabctjp,system
cntaobaoabc198234,system
cntaobaoabc198272,system
cntaobaoabc19830523,system
cntaobaoabc198364,system
cntaobaoabc1983718,system
cntaobaoabc1983926,system
cntaobaoabc19840311,system
cntaobaoabc19840604,system
cntaobaoabc19840818,system
cntaobaoabc19848911,system
cntaobaoabc19850112,system
cntaobaoabc19850124,system
cntaobaoabc19851226,system
cntaobaoabc198518,system
cntaobaoabc198583,system
cntaobaoabc198668,system
cntaobaoabc1986711,system
cntaobaoabc19891110,system
cntaobaoabc199806,system
cntaobaoabc1999,system
cntaobaoabc1_OtOt,system
cntaobaoabc1def1,system
cntaobaoabc6791731,system
cntaobaoabc67jerry,system
cntaobaoabc680,system
cntaobaoabc6800798,system
cntaobaoabc6815268,system
cntaobaoabc6828_cn,system
cntaobaoabc6829111,system
cntaobaoabc6861410,system
cntaobaoabc68888,system
cntaobaoabc689121,system
cntaobaoabc6894634,system
cntaobaoabc6969996,system
cntaobaoabc6982216,system
cntaobaoabc698411,system
cntaobaoabc7009,system
cntaobaoabc700909,system
cntaobaoabc702,system
cntaobaoabc708290,system
cntaobaoabc7086,system
cntaobaoabc71007,system
cntaobaoabc710424,system
cntaobaoabc720,system
cntaobaoabc720122,system
cntaobaoabc7206659,system
cntaobaoabc7233,system
cntaobaoabccba567,system
cntaobaoabccba678,system
cntaobaoabccba881,system
cntaobaoabccba8888,system
cntaobaoabccba9889,system
cntaobaoabccba99,system
cntaobaoabccba9978,system
cntaobaoabccbahuangfeihu,system
cntaobaoabccbanba,system
cntaobaoabccbef,system
cntaobaoabcccb1999,system
cntaobaoabcccc,system
cntaobaoabcccc1,system
cntaobaoabcccce,system
cntaobaoabcccd2010,system
cntaobaoabccch,system
cntaobaoabccd,system
cntaobaoabccd3,system
cntaobaoabccd5,system
cntaobaoabccde81,system
cntaobaoabccdeefg,system
cntaobaoabccdefgh,system
cntaobaoabccg,system
cntaobaoabcchan,system
cntaobaoabcchen12,system
cntaobaoabcchenabcchen,system
cntaobaoabcchina,system
cntaobaoabccissy,system
cntaobaoabcdabcd1111,system
cntaobaoabcdabcd123488,system
cntaobaoabcdabcd123_007,system
cntaobaoabcdabcd123ok,system
cntaobaoabcdabcdcn,system
cntaobaoabcdabcdhk,system
cntaobaoabcdabcdzxcvzxcv,system
cntaobaoabcdabcl,system
cntaobaoabcdac,system
cntaobaoabcdaibocai5,system
cntaobaoabcdandan,system
cntaobaoabcdandyabc,system
cntaobaoabcdanni,system
cntaobaoabcdanqi,system
cntaobaoabcdasd1,system
cntaobaoabcdbacd,system
cntaobaoabcdbbs,system
cntaobaoabcdbdj,system
cntaobaoabcdcc88,system
cntaobaoabcdcccc,system
cntaobaoabcdcfg,system
cntaobaoabcdcold,system
cntaobaoabcdcom,system
cntaobaoabcdcx,system
cntaobaoabcdczj,system
cntaobaoabcdd123,system
cntaobaoabcddbcd,system
cntaobaoabcddcba001100,system
cntaobaoabcdh003,system
cntaobaoabcdhao,system
cntaobaoabcdhh,system
cntaobaoabcdhhhh,system
cntaobaoabcdhijkl,system
cntaobaoabcdhl,system
cntaobaoabcdhsc,system
cntaobaoabcdianguang,system
cntaobaoabcdilng,system
cntaobaoabcdilove,system
cntaobaoabcdjack,system
cntaobaoabcdji900,system
cntaobaoabcdjjj,system
cntaobaoabcdkkk,system
cntaobaoabcdkkk888,system
cntaobaoabcdlb8023,system
cntaobaoabcdli2728,system
cntaobaoabcdlk122,system
cntaobaoabcdlxj,system
cntaobaoabcvisa,system
cntaobaoabc005,system
cntaobaogoogoo,system
cntaobao6`B!,system
cntaobaoabc1zyb,system
cntaobaoabc2000tj,system
cntaobaoabc2000x123,system
cntaobaoabc2000xy,system
cntaobaoabc200200,system
cntaobaoabc20041222,system
cntaobaoabc200456,system
cntaobaoabc200488,system
cntaobaoabc2004k,system
cntaobaoabc2004net10,system
cntaobaoabc2005121,system
cntaobaoabc20051218,system
cntaobaoabc200555,system
cntaobaoabc20056,system
cntaobaoabc20060330,system
cntaobaoabc20060426,system
cntaobaoabc2006118,system
cntaobaoabc2006313,system
cntaobaoabc2006_abc,system
cntaobaoabc2006tp,system
cntaobaoabc20086,system
cntaobaoabc200888,system
cntaobaoabc200897782,system
cntaobaoabc201707,system
cntaobaoabc201817,system
cntaobaoabc20186,system
cntaobaoabc7266291,system
cntaobaoabc7294,system
cntaobaoabc731109,system
cntaobaoabc731731,system
cntaobaoabc731899,system
cntaobaoabc73354210,system
cntaobaoabc7338,system
cntaobaoabc737,system
cntaobaoabc7377,system
cntaobaoabc740411,system
cntaobaoabc7407,system
cntaobaoabc741030,system
cntaobaoabc74328,system
cntaobaoabc74744747,system
cntaobaoabc749129,system
cntaobaoabc751416061,system
cntaobaoabc75440959,system
cntaobaoabc755,system
cntaobaoabc7586932,system
cntaobaoabc75998080,system
cntaobaoabc75def,system
cntaobaoabc7617736200,system
cntaobaoabc7651771,system
cntaobaoabc7679662,system
cntaobaoabc7722168,system
cntaobaoabc7738464,system
cntaobaoabc77415,system
cntaobaoabc777559,system
cntaobaoabc77770,system
cntaobaoabc777999,system
cntaobaoabccjb,system
cntaobaoabccjyj,system
cntaobaoabcclove,system
cntaobaoabcclub,system
cntaobaoabccmh123,system
cntaobaoabccmy123,system
cntaobaoabccnbcsbtlhy,system
cntaobaoabcco,system
cntaobaoabccomss,system
cntaobaoabccsd,system
cntaobaoabcct,system
cntaobaoabcctv,system
cntaobaoabccy,system
cntaobaoabccy1967,system
cntaobaoabcd-01234,system
cntaobaoabcd-1981-1981,system
cntaobaoabcd-63438668,system
cntaobaoabcd.1234,system
cntaobaoabcd.one,system
cntaobaoabcd000000001,system
cntaobaoabcd00000001,system
cntaobaoabcd000001,system
cntaobaoabcd00009999,system
cntaobaoabcd0000abcd,system
cntaobaoabcd000_2005,system
cntaobaoabcd001002,system
cntaobaoabcd0012300123,system
cntaobaoabcd005,system
cntaobaoabcd0050,system
cntaobaoabcd00603131,system
cntaobaoabcd0088,system
cntaobaoabcd0089,system
cntaobaoabcd00938,system
cntaobaoabcd0115,system
cntaobaoabcddcba12345,system
cntaobaoabcddcba14998,system
cntaobaoabcddcba21,system
cntaobaoabcddcba321,system
cntaobaoabcddd20082008,system
cntaobaoabcdddam,system
cntaobaoabcddddd,system
cntaobaoabcdddkio,system
cntaobaoabcddef,system
cntaobaoabcddefg,system
cntaobaoabcddoremi,system
cntaobaoabcde-edcba,system
cntaobaoabcde0,system
cntaobaoabcde001,system
cntaobaoabcde0088,system
cntaobaoabcde00_2005,system
cntaobaoabcde010203,system
cntaobaoabcde0286,system
cntaobaoabcde0315,system
cntaobaoabcde0320,system
cntaobaoabcde06,system
cntaobaoabcde0918,system
cntaobaoabcde1005,system
cntaobaoabcde112,system
cntaobaoabcde1122,system
cntaobaoabcde122333444455555,system
cntaobaoabcde123411,system
cntaobaoabcde123450123,system
cntaobaoabcde12345672,system
cntaobaoabcde123456_2005,system
cntaobaoabcdpyj,system
cntaobaoabcdqq123456789qq,system
cntaobaoabcdqwer,system
cntaobaoabcdrfg,system
cntaobaoabcdrl,system
cntaobaoabcds,system
cntaobaoabcds8,system
cntaobaoabcdsegaa,system
cntaobaoabcdsert,system
cntaobaoabcdsetup,system
cntaobaoabcdsh,system
cntaobaoabcdshock,system
cntaobaoabcdshoot,system
cntaobaoabcdsj199426,system
cntaobaoabcdsof,system
cntaobaoabcdss,system
cntaobaoabcdt131425,system
cntaobaoabcwwc,system
cntaobaoabcwxy,system
cntaobaoabcx,system
cntaobaoabcxf,system
cntaobao1122qwertyuiop007,system
cntaobaoabctb,system
cntaobaoP!1&,system
cntaobaoabc2071721,system
cntaobaoabc2080,system
cntaobaoabc2090874,system
cntaobaoabc21.-.03,system
cntaobaoabc2108330,system
cntaobaoabc21121,system
cntaobaoabc2117,system
cntaobaoabc212,system
cntaobaoabc212121,system
cntaobaoabc2123695,system
cntaobaoabc21240288888,system
cntaobaoabc2127,system
cntaobaoabc214081982,system
cntaobaoabc214486,system
cntaobaoabc2153,system
cntaobaoabc216,system
cntaobaoabc217,system
cntaobaoabc2182343,system
cntaobaoabc2210210,system
cntaobaoabc221410,system
cntaobaoabc221414,system
cntaobaoabc2223677,system
cntaobaoabc222wwj,system
cntaobaoabc223719,system
cntaobaoabc2251,system
cntaobaoabc225115,system
cntaobaoabc2259,system
cntaobaoabc2261928,system
cntaobaoabc2262456,system
cntaobaoabc2287822,system
cntaobaoabc2288,system
cntaobaoabc777xx,system
cntaobaoabc778899,system
cntaobaoabc78099495,system
cntaobaoabc7810130,system
cntaobaoabc78123,system
cntaobaoabc7849101,system
cntaobaoabc7879,system
cntaobaoabc7890,system
cntaobaoabc789000,system
cntaobaoabc789188,system
cntaobaoabc7892,system
cntaobaoabc789516,system
cntaobaoabc789920,system
cntaobaoabc7908,system
cntaobaoabc79155,system
cntaobaoabc79238042,system
cntaobaoabc7971,system
cntaobaoabc797260,system
cntaobaoabc79864048,system
cntaobaoabc8010159,system
cntaobaoabc8018,system
cntaobaoabc8019,system
cntaobaoabc802,system
cntaobaoabc806,system
cntaobaoabcd012341234,system
cntaobaoabcd0123456789,system
cntaobaoabcd020,system
cntaobaoabcd0201,system
cntaobaoabcd0216,system
cntaobaoabcd0244151,system
cntaobaoabcd0308,system
cntaobaoabcd0310,system
cntaobaoabcd0311,system
cntaobaoabcd031188,system
cntaobaoabcd0318,system
cntaobaoabcd0320sc88,system
cntaobaoabcd034151,system
cntaobaoabcd0369,system
cntaobaoabcd03961999,system
cntaobaoabcd0427,system
cntaobaoabcd0476,system
cntaobaoabcd0517,system
cntaobaoabcd0623456,system
cntaobaoabcd0726abcd,system
cntaobaoabcd0770,system
cntaobaoabcd0813,system
cntaobaoabcd08140814,system
cntaobaoabcd100200,system
cntaobaoabcd1010_2005,system
cntaobaoabcd1014,system
cntaobaoabcd110011,system
cntaobaoabcd11026,system
cntaobaoabcd1104,system
cntaobaoabcd11088,system
cntaobaoabcd111,system
cntaobaoabcd11111,system
cntaobaoabcde123456sz,system
cntaobaoabcde1234kkkl,system
cntaobaoabcde123666,system
cntaobaoabcde1237891,system
cntaobaoabcde123edbca,system
cntaobaoabcde127,system
cntaobaoabcde1314520,system
cntaobaoabcde1367513,system
cntaobaoabcde1546,system
cntaobaoabcde1588,system
cntaobaoabcde178178,system
cntaobaoabcde1884,system
cntaobaoabcde196311,system
cntaobaoabcde19edcba,system
cntaobaoabcde1_2005,system
cntaobaoabcde1fghijk,system
cntaobaoabcde2008fg,system
cntaobaoabcde222333444,system
cntaobaoabcde277,system
cntaobaoabcde30,system
cntaobaoabcde3093,system
cntaobaoabcde331188,system
cntaobaoabcde34511,system
cntaobaoabcdtfg,system
cntaobaoabcdth2006,system
cntaobaoabcdthank,system
cntaobaoabcdting,system
cntaobaoabcdtom111,system
cntaobaoabcdtwins,system
cntaobaoabcdtxyz,system
cntaobaoabcdu,system
cntaobaoabcduc123,system
cntaobaoabcdv2003,system
cntaobaoabcdv2555,system
cntaobaoabcdv2666,system
cntaobaoabcdv888,system
cntaobaoabcdvera,system
cntaobaoabcdvking,system
cntaobaoabcdvtok,system
cntaobaoabcdvya,system
cntaobaoabcdwc88,system
cntaobaoabcdwoailixia,system
cntaobaoabcdworldton,system
cntaobaoabcdwxl,system
cntaobaoabcdwxwx,system
cntaobaoabcdwz,system
cntaobaoabcdxfg,system
cntaobao3$?U,system
cntaobaoNR0.!nB|!n,system
cntaobaoabc2288492,system
cntaobaoabc229138704,system
cntaobaoabc229528622,system
cntaobaoabc22960743,system
cntaobaoabc2300907,system
cntaobaoabc2317559,system
cntaobaoabc2317627,system
cntaobaoabc23221320,system
cntaobaoabc2330771,system
cntaobaoabc2341,system
cntaobaoabc2345,system
cntaobaoabc23456666,system
cntaobaoabc2347399,system
cntaobaoabc2364231,system
cntaobaoabc237001066,system
cntaobaoabc2396,system
cntaobaoabc240240,system
cntaobaoabc240322,system
cntaobaoabc2424582,system
cntaobaoabc2461,system
cntaobaoabc24680,system
cntaobaoabc249093698,system
cntaobaoabc250548444,system
cntaobaoabc250584307,system
cntaobaoabc25221462,system
cntaobaoabc2525255,system
cntaobaoabc25253,system
cntaobaoabc253803,system
cntaobaoabc2550229,system
cntaobaoabc8081699,system
cntaobaoabc8082311,system
cntaobaoabc8085,system
cntaobaoabc8088,system
cntaobaoabc80984,system
cntaobaoabc8103,system
cntaobaoabc811102,system
cntaobaoabc811129,system
cntaobaoabc81167,system
cntaobaoabc81223419,system
cntaobaoabc8127112,system
cntaobaoabc817419,system
cntaobaoabc81781,system
cntaobaoabc81801226,system
cntaobaoabc8192979,system
cntaobaoabc82,system
cntaobaoabc820110,system
cntaobaoabc820121,system
cntaobaoabc8223,system
cntaobaoabc822324,system
cntaobaoabc8234213,system
cntaobaoabc82410,system
cntaobaoabc827,system
cntaobaoabc8270008,system
cntaobaoabc828788,system
cntaobaoabc8288,system
cntaobaoabc828886,system
cntaobaoabc8302,system
cntaobaoabc8304821110,system
cntaobaoabc8308504,system
cntaobaoabc831019,system
cntaobaoabc83110060,system
cntaobaoabcd111222,system
cntaobaoabcd11123,system
cntaobaoabcd1116,system
cntaobaoabcd111_007,system
cntaobaoabcd111eee,system
cntaobaoabcd111f,system
cntaobaoabcd111kong,system
cntaobaoabcd1128,system
cntaobaoabcd1155,system
cntaobaoabcd1177,system
cntaobaoabcd11800,system
cntaobaoabcd12004,system
cntaobaoabcd12121,system
cntaobaoabcd121212,system
cntaobaoabcd123012302,system
cntaobaoabcd1230789,system
cntaobaoabcd123121,system
cntaobaoabcd123168,system
cntaobaoabcd123188,system
cntaobaoabcd123321_tb,system
cntaobaoabcd1233536,system
cntaobaoabcd1234,system
cntaobaoabcd1234168,system
cntaobaoabcd12343q,system
cntaobaoabcd1234456,system
cntaobaoabcd1234567,system
cntaobaoabcd1234567222,system
cntaobaoabcd12345673,system
cntaobaoabcde58823,system
cntaobaoabcde6789012345,system
cntaobaoabcde682,system
cntaobaoabcde724,system
cntaobaoabcde780330,system
cntaobaoabcde781,system
cntaobaoabcde78966,system
cntaobaoabcde8300,system
cntaobaoabcde841204com,system
cntaobaoabcde84942,system
cntaobaoabcde8810,system
cntaobaoabcde887,system
cntaobaoabcde88777,system
cntaobaoabcde8881,system
cntaobaoabcde88881,system
cntaobaoabcde88888,system
cntaobaoabcde919,system
cntaobaoabcde95,system
cntaobaoabcde978,system
cntaobaoabcde9876543210,system
cntaobaoabcde989,system
cntaobaoabcde9999,system
cntaobaoabcde999_999,system
cntaobaoabcde_,system
cntaobaoabcde_00007,system
cntaobaoabcde_01,system
cntaobaoabcde_11,system
cntaobaoabcde_12345_007,system
cntaobaoabcdy-198102,system
cntaobaoabcdyyd,system
cntaobaoabcdzzz3,system
cntaobaoabcd4s<R@4,system
cntaobaoabcylgpeter,system
cntaobaoabczgh,system
cntaobaoausr,system
cntaobaoabc004,system
cntaobao[d]!n!y>06y!y!n,system
cntaobaotest2002,system
cntaobaoabc-9999,system
cntaobaoabc.1.2.3,system
cntaobaoabc0000,system
cntaobaoabc00079,system
cntaobaoabc000abc88,system
cntaobaoabc000qqq,system
cntaobaoabc0010011,system
cntaobaoabc0011,system
cntaobaoabc001110,system
cntaobaoabc00191,system
cntaobaoabc00369,system
cntaobaoabc0036987,system
cntaobaoabc006,system
cntaobaoabc007000,system
cntaobaoabc0073100,system
cntaobaoabc0076,system
cntaobaoabc007wlq,system
cntaobaoabc008_008,system
cntaobaoabc008kkk,system
cntaobao999abc,system
cntaobaoabc260643675,system
cntaobaoabc26234,system
cntaobaoabc2630976,system
cntaobaoabc2633141,system
cntaobaoabc2651574,system
cntaobaoabc2652,system
cntaobaoabc26600,system
cntaobaoabc268,system
cntaobaoabc2680884,system
cntaobaoabc2699979,system
cntaobaoabc27,system
cntaobaoabc274222709,system
cntaobaoabc278142006,system
cntaobaoabc2788101,system
cntaobaoabc2811,system
cntaobaoabc28145606,system
cntaobaoabc2832244,system
cntaobaoabc283445413,system
cntaobaoabc28439989,system
cntaobaoabc287691109,system
cntaobaoabc28785508,system
cntaobaoabc28821847,system
cntaobaoabc288288,system
cntaobaoabc295785109,system
cntaobaoabc296636244,system
cntaobaoabc297102732,system
cntaobaoabc831124abc,system
cntaobaoabc83168666,system
cntaobaoabc832175,system
cntaobaoabc83658146,system
cntaobaoabc8367157,system
cntaobaoabc83808875,system
cntaobaoabc839ling,system
cntaobaoabc840818,system
cntaobaoabc8410081,system
cntaobaoabc841017,system
cntaobaoabc8418,system
cntaobaoabc8425,system
cntaobaoabc84303,system
cntaobaoabc845,system
cntaobaoabc8471,system
cntaobaoabc850430,system
cntaobaoabc8508243,system
cntaobaoabc8511242,system
cntaobaoabc85182546,system
cntaobaoabc8522,system
cntaobaoabc85233123,system
cntaobaoabc85468,system
cntaobaoabc8548,system
cntaobaoabc85535298,system
cntaobaoabc8575,system
cntaobaoabc8579,system
cntaobaoabc858,system
cntaobaoabc8582,system
cntaobaoabc85861263,system
cntaobaoabc85961,system
cntaobaoabc8598156,system
cntaobaoabc85988,system
cntaobaoabcd12345678_2005,system
cntaobaoabcd12345678abcd,system
cntaobaoabcd123456a,system
cntaobaoabcd123456sf,system
cntaobaoabcd123459,system
cntaobaoabcd12345_tb,system
cntaobaoabcd1234787,system
cntaobaoabcd1234921,system
cntaobaoabcd12349211,system
cntaobaoabcd123492111,system
cntaobaoabcd1234998,system
cntaobaoabcd1234abcd2005,system
cntaobaoabcd1234abcd911,system
cntaobaoabcd1234elulu,system
cntaobaoabcd123588,system
cntaobaoabcd123616,system
cntaobaoabcd12366,system
cntaobaoabcd123945,system
cntaobaoabcd123abcd123,system
cntaobaoabcd123efghhh,system
cntaobaoabcd12590,system
cntaobaoabcd129111,system
cntaobaoabcd12_3,system
cntaobaoabcd1314520,system
cntaobaoabcd1314_9950,system
cntaobaoabcd132,system
cntaobaoabcd135238,system
cntaobaoabcd1354997,system
cntaobaoabcd1357su,system
cntaobaoabcd1368888,system
cntaobaoabcd13833047095,system
cntaobaoabcde_123_2005,system
cntaobaoabcde_168149,system
cntaobaoabcde_4444_2005,system
cntaobaoabcde_abcdef,system
cntaobaoabcde_cn,system
cntaobaoabcde_qt,system
cntaobaoabcde_qtds,system
cntaobaoabcde_tb,system
cntaobaoabcde_Q),system
cntaobaoabcdea520,system
cntaobaoabcdeabcde9,system
cntaobaoabcdeabcdeabcde,system
cntaobaoabcdeamwfn,system
cntaobaoabcdebb88,system
cntaobaoabcdeda,system
cntaobaoabcdedcba1223,system
cntaobaoabcdef,system
cntaobaoabcdef00123,system
cntaobaoabcdH%DjODLl,system
cntaobaoabcdI=Vq,system
cntaobaoabcdS(S(,system
cntaobaoabcdTNTN,system
cntaobaoabce163,system
cntaobaoabce180,system
cntaobaoabce20599,system
cntaobaoabce530,system
cntaobaoabce_1019,system
cntaobaoabceasy1,system
cntaobaoabcebuy,system
cntaobaoabcedc,system
cntaobaoabcedf333,system
cntaobaoabcedfg1122,system
cntaobaoabcedfghi,system
cntaobaoabcedfgvin,system
cntaobaoabceecd,system
cntaobaoabceefg,system
cntaobaoabcef007,system
cntaobaoabcef5490042,system
cntaobaoabcefdj,system
cntaobaoabcei,system
cntaobaoabceov,system
cntaobaoabcess,system
cntaobaoabcexc,system
cntaobaoabczhangjing,system
cntaobaoabczhiyinshe,system
cntaobaoabczm5278,system
cntaobaoabczn12345,system
cntaobaoabczoutao,system
cntaobaoabczxby5188,system
cntaobaoabczxc,system
cntaobaoabczxcasdq,system
cntaobaoabczxcvbnm88,system
cntaobaoabczxh123,system
cntaobaoabczxw72,system
cntaobaoabczxy11,system
cntaobaoabczxy310,system
cntaobaoabc010,system
cntaobaoabc011098,system
cntaobaoabc0112,system
cntaobaoabc01222,system
cntaobaoabc01230123,system
cntaobaoabc0127,system
cntaobaoabc0128,system
cntaobaoabc0165,system
cntaobaoabc016501,system
cntaobaoabc020409,system
cntaobaoabc021,system
cntaobaoabc0258520,system
cntaobaoabc0316zk,system
cntaobaoabc0318959,system
cntaobaoabc0350,system
cntaobaoabc03504,system
cntaobaoabc0365,system
cntaobaoabc041208,system
cntaobaoabc0421,system
cntaobaoabc0429,system
cntaobaoabc04592,system
cntaobaoabc050300223,system
cntaobaoabc0514,system
cntaobaoabc05169,system
cntaobaoabc0517_cn,system
cntaobaoabc0520,system
cntaobaoabc0523,system
cntaobaoabc05312,system
cntaobaoabc301124310,system
cntaobaoabc3052,system
cntaobaoabc3057957,system
cntaobaoabc306356390,system
cntaobaoabc307317967,system
cntaobaoabc307545280,system
cntaobaoabc308648279,system
cntaobaoabc30978437,system
cntaobaoabc31,system
cntaobaoabc312117349,system
cntaobaoabc314,system
cntaobaoabc314268,system
cntaobaoabc314408026,system
cntaobaoabc3163,system
cntaobaoabc316964624,system
cntaobaoabc317,system
cntaobaoabc32,system
cntaobaoabc320623,system
cntaobaoabc321654,system
cntaobaoabc3219,system
cntaobaoabc325,system
cntaobaoabc325147,system
cntaobaoabc326,system
cntaobaoabc327,system
cntaobaoabc330403,system
cntaobaoabc331,system
cntaobaoabc331122200,system
cntaobaoabc8601008,system
cntaobaoabc860222,system
cntaobaoabc86121719,system
cntaobaoabc8612272,system
cntaobaoabc861300,system
cntaobaoabc861808,system
cntaobaoabc8625969,system
cntaobaoabc86305703,system
cntaobaoabc8666086,system
cntaobaoabc8677939,system
cntaobaoabc868,system
cntaobaoabc86826,system
cntaobaoabc8688755,system
cntaobaoabc8717,system
cntaobaoabc87184719,system
cntaobaoabc874,system
cntaobaoabc8749,system
cntaobaoabc87576380,system
cntaobaoabc878liu,system
cntaobaoabc88,system
cntaobaoabc88023551,system
cntaobaoabc8816001,system
cntaobaoabc8820455,system
cntaobaoabc883331,system
cntaobaoabc88368,system
cntaobaoabc8848,system
cntaobaoabc886,system
cntaobaoabc8861,system
cntaobaoabcd1390316,system
cntaobaoabcd13928381354,system
cntaobaoabcd13932972505,system
cntaobaoabcd139666,system
cntaobaoabcd140202,system
cntaobaoabcd1423,system
cntaobaoabcd1446,system
cntaobaoabcd146099,system
cntaobaoabcd1503,system
cntaobaoabcd1510,system
cntaobaoabcd1566,system
cntaobaoabcd1569,system
cntaobaoabcd1586,system
cntaobaoabcd159456,system
cntaobaoabcd1681,system
cntaobaoabcd168520,system
cntaobaoabcd1696,system
cntaobaoabcd17931,system
cntaobaoabcd180076,system
cntaobaoabcd180856,system
cntaobaoabcd1892abcd,system
cntaobaoabcd19,system
cntaobaoabcd1902,system
cntaobaoabcd1971,system
cntaobaoabcd1973122438401,system
cntaobaoabcd1974,system
cntaobaoabcd1977,system
cntaobaoabcdef123456,system
cntaobaoabcdef12345678,system
cntaobaoabcdef123t,system
cntaobaoabcdef128,system
cntaobaoabcdef129,system
cntaobaoabcdef168,system
cntaobaoabcdef18,system
cntaobaoabcdef180,system
cntaobaoabcdef1840,system
cntaobaoabcdef1969,system
cntaobaoabcdef1975,system
cntaobaoabcdef198606,system
cntaobaoabcdef1987,system
cntaobaoabcdef199,system
cntaobaoabcdef1993,system
cntaobaoabcdef1_2005,system
cntaobaoabcdef20001976,system
cntaobaoabcdef2004,system
cntaobaoabcdef2005007,system
cntaobaoabcdef212,system
cntaobaogodbaby,system
cntaobaoabcdef220330,system
cntaobaoabcf88,system
cntaobaoabcfan,system
cntaobaoabcfang,system
cntaobaoabcfeeling,system
cntaobaoabcfei123456,system
cntaobaoabcfeixing,system
cntaobaoabcfly2099,system
cntaobaoabcfon,system
cntaobaoabcfr,system
cntaobaoabcfyh,system
cntaobaoabcfzh888,system
cntaobaoabczzc,system
cntaobaoabc1&1&123,system
cntaobaoabc1&14,system
cntaobaoabc2K2KWS,system
cntaobaoabc4sQ'3G-1,system
cntaobaoabc7=3LJ=,system
cntaobaoVPND0!VPND,system
cntaobaoabc05482,system
cntaobaoabc060214,system
cntaobaoabc0660,system
cntaobaoabc0666,system
cntaobaoabc070687abc,system
cntaobaoabc07123,system
cntaobaoabc0724,system
cntaobaoabc0727,system
cntaobaoabc0798,system
cntaobaoabc080808,system
cntaobaoabc0828,system
cntaobaoabc0863156,system
cntaobaoabc09070552,system
cntaobaoabc090705521,system
cntaobaoabc0987,system
cntaobaoabc0987654321_2005,system
cntaobaoabc0_0cba,system
cntaobaoabc0xx,system
cntaobaoabc1000000,system
cntaobaoabc1000m,system
cntaobaoabc100200321456,system
cntaobaoabc100326,system
cntaobaoabc101010,system
cntaobaoabc101034,system
cntaobaoabc1014119,system
cntaobaoabc1020,system
cntaobaoabc102080,system
cntaobaoabc102100188,system
cntaobaoabc1028,system
cntaobaoabc10282,system
cntaobaoabc1035_yan,system
cntaobaoabc3312110,system
cntaobaoabc3312114,system
cntaobaoabc3312116,system
cntaobaoabc3312119,system
cntaobaoabc3312419,system
cntaobaoabc331289160,system
cntaobaoabc331331,system
cntaobaoabc3316,system
cntaobaoabc33191591,system
cntaobaoabc3322,system
cntaobaoabc332400,system
cntaobaoabc3381894,system
cntaobaoabc3394365,system
cntaobaoabc3396386,system
cntaobaoabc3439,system
cntaobaoabc345678,system
cntaobaoabc34831,system
cntaobaoabc349449441,system
cntaobaoabc350102,system
cntaobaoabc3517abc2000,system
cntaobaoabc3543377,system
cntaobaoabc35601696,system
cntaobaoabc35781,system
cntaobaoabc36180987,system
cntaobaoabc362100,system
cntaobaoabc8861554,system
cntaobaoabc8866,system
cntaobaoabc8877,system
cntaobaoabc8885249,system
cntaobaoabc888666,system
cntaobaoabc8887,system
cntaobaoabc888811,system
cntaobaoabc88886666,system
cntaobaoabc8888852abc,system
cntaobaoabc888888188,system
cntaobaoabc888999111,system
cntaobaoabc888de,system
cntaobaoabc888deg,system
cntaobaoabc8891,system
cntaobaoabc88988,system
cntaobaoabc8898888,system
cntaobaoabc889_9,system
cntaobaoabc88z1103,system
cntaobaoabc8906331,system
cntaobaoabc890821,system
cntaobaoabc8915123,system
cntaobaoabc8918958,system
cntaobaoabc8970,system
cntaobaoabc8989799,system
cntaobaoabc8994572,system
cntaobaoabc90936,system
cntaobaoabc9111,system
cntaobaoabc911218,system
cntaobaoabc911hf2006,system
cntaobaoabcd1978,system
cntaobaoabcd19781012,system
cntaobaoabcd19791120,system
cntaobaoabcd198106,system
cntaobaoabcd198189,system
cntaobaoabcd1982312,system
cntaobaoabcd1983621,system
cntaobaoabcd198411423,system
cntaobaoabcd198414,system
cntaobaoabcd198491,system
cntaobaoabcd198541,system
cntaobaoabcd1986812,system
cntaobaoabcd198737,system
cntaobaoabcd19win,system
cntaobaoabcd1abcd2,system
cntaobaoabcd20008,system
cntaobaoabcd2000_007,system
cntaobaoabcd2003520,system
cntaobaoabcd2005,system
cntaobaoabcd200517,system
cntaobaoabcd2005888,system
cntaobaoabcd20061,system
cntaobaoabcd2006_x,system
cntaobaoabcd2008,system
cntaobaoabcd200844,system
cntaobaoabcd2008_tb,system
cntaobaoabcdef2579,system
cntaobaoabcdef263,system
cntaobaoabcdef2801,system
cntaobaoabcdef2_2005,system
cntaobaoabcdef34011,system
cntaobaoabcdef4,system
cntaobaoabcdef44,system
cntaobaoabcdef4561,system
cntaobaoabcdef4jin,system
cntaobaoabcdef53,system
cntaobaoabcdef55226677,system
cntaobaoabcdef6,system
cntaobaoabcdef622,system
cntaobaoabcdef63315,system
cntaobaoabcdef651015,system
cntaobaoabcdef6626,system
cntaobaoabcdef666666,system
cntaobaoabcdef7,system
cntaobaoabcdef700,system
cntaobaoabcdef77,system
cntaobaoabcdef828282,system
cntaobaoabcdef8746142,system
cntaobaoabcdef88,system
cntaobaoabcdef888888,system
cntaobaoabchanziabc,system
cntaobaoabchappy,system
cntaobaoabchappy_0,system
cntaobaoabchappys,system
cntaobaoabcharen,system
cntaobaoabchcy,system
cntaobaoabche1,system
cntaobaoabchecheng123,system
cntaobaoabcheima,system
cntaobaoabchen2001,system
cntaobaoabcheng_2005,system
cntaobaoabchengxue,system
cntaobaoabchenjin0,system
cntaobaoabchero88,system
cntaobaoabchhhooo,system
cntaobaoabchhk,system
cntaobaoabchhl001,system
cntaobaoabchina_jgs,system
cntaobaoabc:CDPHK,system
cntaobaoabc<r<r5%5%,system
cntaobaoabc?*PDR;?L,system
cntaobaoabc?5GE5DNm,system
cntaobaoabc?I@V,system
cntaobaoabcAu4s8;,system
cntaobaoabcD{CJ2h,system
cntaobaozizaitest10012,system
cntaobao$Ah$,system
cntaobaoabc103838,system
cntaobaoabc103abc,system
cntaobaoabc104,system
cntaobaoabc1058,system
cntaobaoabc108888,system
cntaobaoabc109225,system
cntaobaoabc109488,system
cntaobaoabc10_10,system
cntaobaoabc110013368,system
cntaobaoabc1101,system
cntaobaoabc110119,system
cntaobaodhc2350VP9z,system
cntaobaoabc110abc,system
cntaobaoabc110zhu,system
cntaobaoabc111312,system
cntaobaoabc111333555,system
cntaobaoabc111811,system
cntaobaoabc112288,system
cntaobaoabc1126843,system
cntaobaoabc113511,system
cntaobaoabc114410,system
cntaobaoabc11571,system
cntaobaoabc117,system
cntaobaoabc11722984,system
cntaobaoabc118508,system
cntaobaoabc1192,system
cntaobaoabc1192005,system
cntaobaoabc11938.m,system
cntaobaoabc362602916,system
cntaobaoabc363158715,system
cntaobaoabc364470424,system
cntaobaoabc365_0,system
cntaobaoabc3666,system
cntaobaoabc366888,system
cntaobaoabc36791836,system
cntaobaoabc369678776,system
cntaobaoabc369_2005,system
cntaobaoabc369sh,system
cntaobaoabc370601756,system
cntaobaoabc3721,system
cntaobaoabc3721abc,system
cntaobaoabc372713352,system
cntaobaoabc3758588,system
cntaobaoabc37670,system
cntaobaoabc37678,system
cntaobaoabc378888,system
cntaobaoabc37900,system
cntaobaoabc3791124,system
cntaobaoabc3838438,system
cntaobaoabc3872315,system
cntaobaoabc39,system
cntaobaoabc395584856,system
cntaobaoabc396463518,system
cntaobaoabc39722978,system
cntaobaoabc4017408,system
cntaobaoabc40182003,system
cntaobaoabc404705962,system
cntaobaoabc9158,system
cntaobaoabc9158.m,system
cntaobaoabc9188168,system
cntaobaoabc919,system
cntaobaoabc921379113,system
cntaobaoabc925,system
cntaobaoabc92889,system
cntaobaoabc929,system
cntaobaoabc9290,system
cntaobaoabc9339126,system
cntaobaoabc951680,system
cntaobaoabc951826,system
cntaobaoabc95204,system
cntaobaoabc95599,system
cntaobaoabc958,system
cntaobaoabc958613,system
cntaobaoabc963741,system
cntaobaoabc967000abc,system
cntaobaoabc9700,system
cntaobaoabc9790137,system
cntaobaoabc98011059,system
cntaobaoabc980228,system
cntaobaoabc981g35,system
cntaobaoabc98314,system
cntaobaoabc983229,system
cntaobaoabc987,system
cntaobaoabc9876541,system
cntaobaoabcd2011,system
cntaobaoabcd2046,system
cntaobaoabcd2059,system
cntaobaoabcd2126757,system
cntaobaoabcd213,system
cntaobaoabcd215520,system
cntaobaoabcd2163,system
cntaobaoabcd218218,system
cntaobaoabcd21967,system
cntaobaoabcd22,system
cntaobaoabcd2208,system
cntaobaoabcd2213000,system
cntaobaoabcd232436,system
cntaobaoabcd23394073,system
cntaobaoabcd2345,system
cntaobaoabcd2349538,system
cntaobaoabcd234zy,system
cntaobaoabcd23992802,system
cntaobaoabcd246386,system
cntaobaoabcd2468,system
cntaobaoabcd2550359,system
cntaobaoabcd2580,system
cntaobaoabcd258258,system
cntaobaoabcd2620,system
cntaobaoabcd263539,system
cntaobaoabcd26409647,system
cntaobaoabcd275541392,system
cntaobaoabcd277327,system
cntaobaoabcd27880,system
cntaobaoabcdefcat,system
cntaobaoabcdefg,system
cntaobaoabcdefg1111111,system
cntaobaoabcdefg1112,system
cntaobaoabcdefg12,system
cntaobaoabcdefg1207,system
cntaobaoabcdefg123,system
cntaobaoabcdefg123123,system
cntaobaoabcdefg12312388,system
cntaobaoabcdefg12333,system
cntaobaoabcdefg12341,system
cntaobaoabcdefg1234509876,system
cntaobaoabcdefg12345677,system
cntaobaoabcdefg1234567_qq,system
cntaobaoabcdefg123456fr,system
cntaobaoabchinaliu,system
cntaobaoabchinax,system
cntaobaoabchl229,system
cntaobaoabchlb,system
cntaobaoabchluss,system
cntaobaoabchonp,system
cntaobaoabchope,system
cntaobaoabchppydl123ww,system
cntaobaoabchsunmin,system
cntaobaoabchsy1,system
cntaobaoabchuchu,system
cntaobaoabchuchu88,system
cntaobaoabchuman,system
cntaobaoabchyfy,system
cntaobaoabcici,system
cntaobaoabcjack206,system
cntaobaoabcL+QtSj,system
cntaobaoabcLF6969,system
cntaobaoabcMxJ@=g,system
cntaobaoabcN0jI,system
cntaobaoabcNR@4AK,system
cntaobaoabcN^<d5@,system
cntaobaoabcN`M)Sj,system
cntaobaoabcP!3sSc123,system
cntaobaoluohuafeixu,system
cntaobaosarah,system
cntaobaoabcdeyanjun76,system
cntaobaoabc11_HKJ^,system
cntaobaoabc12,system
cntaobaoabc1200,system
cntaobaoabc12011,system
cntaobaoabc120436022,system
cntaobaoabc120947,system
cntaobaoabc1212,system
cntaobaoabc1215,system
cntaobaoabc1218,system
cntaobaoabc121ab,system
cntaobaoabc122,system
cntaobaoabc1225,system
cntaobaoabc122600,system
cntaobaoabc123,system
cntaobaoabc123101222,system
cntaobaoabc12311,system
cntaobaoabc123110,system
cntaobaoabc123116,system
cntaobaoabc1231235,system
cntaobaoabc1231236,system
cntaobaoabc123124,system
cntaobaoabc1231abc,system
cntaobaoabc405207761,system
cntaobaoabc40784,system
cntaobaoabc410105,system
cntaobaoabc411657591,system
cntaobaoabc415100,system
cntaobaoabc4155,system
cntaobaoabc416063244,system
cntaobaoabc418,system
cntaobaoabc419,system
cntaobaoabc4198967,system
cntaobaoabc41abc41,system
cntaobaoabc421000,system
cntaobaoabc422,system
cntaobaoabc422659571,system
cntaobaoabc422930626,system
cntaobaoabc4252394,system
cntaobaoabc4259058,system
cntaobaoabc4327052,system
cntaobaoabc43577452,system
cntaobaoabc43621,system
cntaobaoabc441689356,system
cntaobaoabc4439239,system
cntaobaoabc4444,system
cntaobaoabc445,system
cntaobaoabc4454123,system
cntaobaoabc4455,system
cntaobaoabc4480,system
cntaobaoabc4485158175489,system
cntaobaoabc4501897,system
cntaobaoabc988,system
cntaobaoabc988s,system
cntaobaoabc989147,system
cntaobaoabc989898,system
cntaobaoabc990181,system
cntaobaoabc990221,system
cntaobaoabc9905,system
cntaobaoabc99095,system
cntaobaoabc990990,system
cntaobaoabc991213,system
cntaobaoabc99170207,system
cntaobaoabc994102,system
cntaobaoabc99450386,system
cntaobaoabc99789978,system
cntaobaoabc9981,system
cntaobaoabc9989,system
cntaobaoabc9989868,system
cntaobaoabc999456,system
cntaobaoabc99abc88,system
cntaobaoabc99au,system
cntaobaoabc9cba,system
cntaobaoabc_007,system
cntaobaoabc_0512,system
cntaobaoabc_0619,system
cntaobaoabc_1031,system
cntaobaoabc_111b,system
cntaobaoabc_1120,system
cntaobaoabcd2818,system
cntaobaoabcd2881251,system
cntaobaoabcd292699248,system
cntaobaoabcd2999,system
cntaobaoabcd2dcba,system
cntaobaoabcd305,system
cntaobaoabcd310478,system
cntaobaoabcd3136,system
cntaobaoabcd313944076,system
cntaobaoabcd319,system
cntaobaoabcd3199,system
cntaobaoabcd32016,system
cntaobaoabcd321,system
cntaobaoabcd321we,system
cntaobaoabcd3237,system
cntaobaoabcd33,system
cntaobaoabcd330369,system
cntaobaoabcd33398,system
cntaobaoabcd333ff,system
cntaobaoabcd335588,system
cntaobaoabcd3427,system
cntaobaoabcd351,system
cntaobaoabcd3510,system
cntaobaoabcd360326207,system
cntaobaoabcd361265885,system
cntaobaoabcd366,system
cntaobaoabcd391,system
cntaobaoabcd393264638,system
cntaobaoabcd402496243,system
cntaobaoabcd4100,system
cntaobaoabcdefg12348,system
cntaobaoabcdefg123654789,system
cntaobaoabcdefg12399,system
cntaobaoabcdefg12_007,system
cntaobaoabcdefg13074028594,system
cntaobaoabcdefg13724319131,system
cntaobaoabcdefg186,system
cntaobaoabcdefg19771111,system
cntaobaoabcdefg19780629,system
cntaobaoabcdefg19780904,system
cntaobaoabcdefg19881029,system
cntaobaoabcdefg1995,system
cntaobaoabcdefg20000720,system
cntaobaoabcdefg2002,system
cntaobaoabcdefg20052,system
cntaobaoabcdefg20052005,system
cntaobaoabcdefg20065,system
cntaobaoabcdefg2006_tb,system
cntaobaoabcdefg20088,system
cntaobaoabcdefg2009,system
cntaobaoabcdefg23456,system
cntaobaoabcdefg2396,system
cntaobaoabcdefg3215,system
cntaobaoabcdefg33,system
cntaobaoabcdefg383838,system
cntaobaoabcjiangle,system
cntaobaoabcjsh,system
cntaobaoabcP!LTFx,system
"cntaobaoabcP,R5IL3!",system
cntaobaoabcT06!,system
cntaobaoabcTsNw,system
cntaobaoabcUE>),system
cntaobaoabcVGD\,system
cntaobaoabcWTSI?U<d,system
cntaobaoabchwLp,system
cntaobaoabcwHA&N^O^,system
cntaobaotheone,system
cntaobaoabc12320052005,system
cntaobaoabc12321,system
cntaobaoabc1232321,system
cntaobaoabc123248,system
cntaobaoabc123264,system
cntaobaoabc123285969004,system
cntaobaoabc12330,system
cntaobaoabc123321,system
cntaobaoabc12332123,system
cntaobaoabc123345,system
cntaobaoabc12336,system
cntaobaoabc123369,system
cntaobaoabc123456,system
cntaobaoabc1234566,system
cntaobaoabc123456654,system
cntaobaoabc1234567890_007,system
cntaobaoabc1234567abc88,system
cntaobaoabc123456ddd,system
cntaobaoabc123456sdf,system
cntaobaoabc12345_@n,system
cntaobaoabc12345NR5DLl,system
cntaobaoabc1234are,system
cntaobaoabc123555,system
cntaobaoabc1235688,system
cntaobaoabc123623638,system
cntaobaoabc45184,system
cntaobaoabc453,system
cntaobaoabc453109975,system
cntaobaoabc4545,system
cntaobaoabc455371506,system
cntaobaoabc4562,system
cntaobaoabc456789123,system
cntaobaoabc4568,system
cntaobaoabc456abc1,system
cntaobaoabc456abc789,system
cntaobaoabc456efg345,system
cntaobaoabc456ni,system
cntaobaoabc4589,system
cntaobaoabc460411601,system
cntaobaoabc460685633,system
cntaobaoabc46536477,system
cntaobaoabc4654,system
cntaobaoabc465433,system
cntaobaoabc471219,system
cntaobaoabc4714562,system
cntaobaoabc472125,system
cntaobaoabc474147,system
cntaobaoabc476356833,system
cntaobaoabc4766221,system
cntaobaoabc4832,system
cntaobaoabc489529862,system
cntaobaoabc_1204,system
cntaobaoabc_121214348,system
cntaobaoabc_1213,system
cntaobaoabc_12300,system
cntaobaoabc_123000,system
cntaobaoabc_12311,system
cntaobaoabc_1234561,system
cntaobaoabc_1234568,system
cntaobaoabc_123_,system
cntaobaoabc_123_2005,system
cntaobaoabc_1361819,system
cntaobaoabc_138,system
cntaobaoabc_168kkk,system
cntaobaoabc_182,system
cntaobaoabc_1998,system
cntaobaoabc_2,system
cntaobaoabc_200100,system
cntaobaoabc_20010617,system
cntaobaoabc_200606,system
cntaobaoabc_2008_123,system
cntaobaoabc_2300082,system
cntaobaoabc_24474157,system
cntaobaoabc_24682468,system
cntaobaoabc_299,system
cntaobaoabc_3,system
cntaobaoabc_3080,system
cntaobaoabc_4545131,system
cntaobaoabc_4767675,system
cntaobaoabc_521,system
cntaobaoabc_5516006,system
cntaobaoabcd42027,system
cntaobaoabcd421,system
cntaobaoabcd42364,system
cntaobaoabcd4273,system
cntaobaoabcd432100,system
cntaobaoabcd4321_2005,system
cntaobaoabcd4321a,system
cntaobaoabcd444444,system
cntaobaoabcd4480071,system
cntaobaoabcd455819550,system
cntaobaoabcd4586,system
cntaobaoabcd4638,system
cntaobaoabcd470824129,system
cntaobaoabcd511,system
cntaobaoabcd518,system
cntaobaoabcd5187320,system
cntaobaoabcd518978,system
cntaobaoabcd520152519,system
cntaobaoabcd520417,system
cntaobaoabcd520444,system
cntaobaoabcd520699,system
cntaobaoabcd520813,system
cntaobaoabcd52099,system
cntaobaoabcd521721,system
cntaobaoabcd521cn,system
cntaobaoabcd522588,system
cntaobaoabcd534265,system
cntaobaoabcd541510610,system
cntaobaoabcd545115,system
cntaobaoabcdefg44445555,system
cntaobaoabcdefg52113,system
cntaobaoabcdefg88888,system
cntaobaoabcdefg8898,system
cntaobaoabcdefg8899,system
cntaobaoabcdefg_1470,system
cntaobaoabcdefg_20056,system
cntaobaoabclaoying,system
cntaobaoabclinchen,system
"cntaobaoQ,RB2]5D0.A5",system
cntaobaoabc8888,system
cntaobaoenjoywine,system
cntaobaogood_dyy,system
cntaobao1122qwertyuiop002,system
cntaobaoP!6969,system
cntaobaorongyw1,system
cntaobaoF]7<,system
cntaobaokiss,system
cntaobao1122qwertyuiop008,system
cntaobaoabc00000,system
cntaobaoW_B75DHK,system
cntaobaorongyw20123456789012,system
cntaobaoG3Q),system
cntaobao6@D;>g,system
cntaobaoxipol,system
cntaobaorainyzhou,system
cntaobao=>QtQ^Nh,system
cntaobao801229Mu,system
cntaobaoC+@2@2,system
cntaobaoUEGl@W,system
cntaobaoJ'Bd5DPD,system
cntaobaoabc123654789,system
cntaobaoabc1236548,system
cntaobaoabc123678abc,system
cntaobaoabc123688,system
cntaobaoabc123694631,system
cntaobaoabc123789456,system
cntaobaoabc12388001,system
cntaobaoabc123886,system
cntaobaoabc123890,system
cntaobaoabc123902,system
cntaobaoabc123_123456,system
cntaobaoabc123_2004,system
cntaobaoabc123_213,system
cntaobaoabc123_zhu,system
cntaobaoabc123_2(,system
cntaobaoabc123_KD<>,system
cntaobaoabc123_R;6~H}88,system
cntaobaoabc123ab,system
cntaobaoabc123abc,system
cntaobaoonlyjava,system
cntaobaoabc123abc5,system
cntaobaoabc123abc789,system
cntaobaoabc123abx,system
cntaobaoabc123boy,system
cntaobaoabc123ccc,system
cntaobaoabc123chen,system
cntaobaoabc123cn,system
cntaobaoabc493346,system
cntaobaoabc4949,system
cntaobaoabc4wd,system
cntaobaoabc500,system
cntaobaoabc5000,system
cntaobaoabc5002,system
cntaobaoabc506434487,system
cntaobaoabc5069,system
cntaobaoabc50953,system
cntaobaoabc5095776,system
cntaobaoabc510108,system
cntaobaoabc5133,system
cntaobaoabc5151,system
cntaobaoabc5157,system
cntaobaoabc517523,system
cntaobaoabc518,system
cntaobaoabc5193065,system
cntaobaoabc519668,system
cntaobaoabc520518,system
cntaobaoabc520584,system
cntaobaoabc520600,system
cntaobaoabc520abc,system
cntaobaoabc520bei,system
cntaobaoabc_607,system
cntaobaoabc_628,system
cntaobaoabc_650,system
cntaobaoabc_6580358,system
cntaobaoabc_666666,system
cntaobaoabc_66666666,system
cntaobaoabc_712,system
cntaobaoabc_726,system
cntaobaoabc_7723003,system
cntaobaoabc_790612,system
cntaobaoabc_810913,system
cntaobaoabc_820416,system
cntaobaoabc_998,system
cntaobaoabc_999china,system
cntaobaoabc_ab1998,system
cntaobaoabc_abc999,system
cntaobaoabc_abcdefg,system
cntaobaoabc_abclyf,system
cntaobaoabc_blue,system
cntaobaoabc_card,system
cntaobaoabc_cba88,system
cntaobaoabc_chen,system
cntaobaoabc_chp_001,system
cntaobaoabc_dmn,system
cntaobaoabc_fangfang,system
cntaobaoabc_ggg,system
cntaobaoabcd550,system
cntaobaoabcd552211,system
cntaobaoabcd5566,system
cntaobaoabcd5590,system
cntaobaoabcd56200,system
cntaobaoabcd5656,system
cntaobaoabcd56623,system
cntaobaoabcd567,system
cntaobaoabcd5677,system
cntaobaoabcd56789,system
cntaobaoabcd5699151,system
cntaobaoabcd582920,system
cntaobaoabcd586889,system
cntaobaoabcd60080,system
cntaobaoabcd6286,system
cntaobaoabcd6289052,system
cntaobaoabcd6377323,system
cntaobaoabcd642804133,system
cntaobaoabcd6467,system
cntaobaoabcd65402888,system
cntaobaoabcd654123,system
cntaobaoabcd6598,system
cntaobaoabcd65p4,system
cntaobaoabcd66123905,system
cntaobaoabcd66688,system
cntaobaoabcd6688668,system
cntaobaoabcd66_008,system
cntaobaoabcd676,system
cntaobaoabcdefg_20058,system
cntaobaoabcdefg_369369,system
cntaobaoabcdefg_6833,system
cntaobaoabcdefg_bt,system
cntaobaoabcdefgabcdef,system
cntaobaoabcdefgabcdefg_tb,system
cntaobaoabcdefgbobo,system
cntaobaoabcdefgciac,system
cntaobaoabcdefgd,system
cntaobaoabcdefgefghij,system
cntaobaoabcdefgf_007,system
cntaobaoabcdefgfedcba1,system
cntaobaoabcdefggfe521,system
cntaobaoabcdefggfedcba_2005,system
cntaobaoabcdefgggg,system
cntaobaoabcdefgh118,system
cntaobaoabcdefgh118501,system
cntaobaoabcdefgh1232,system
cntaobaoabcdefgh200588,system
cntaobaoabcdefgh333,system
cntaobaoabcdefgh456,system
cntaobaoabcdefgh777,system
cntaobaoabcdefgh_2006,system
cntaobaoabcdefghabcdefgh,system
cntaobaoabcdefghi12,system
cntaobaoabcdefghig1,system
cntaobaoabcdefghig3,system
cntaobaoabcdefghigklmn,system
cntaobao!nP!F$C(!n,system
cntaobao(t!nR0M^M^o0,system
cntaobaorongyw12,system
cntaobaoshujun1,system
cntaobao9~9~9~,system
cntaobaogeren1,system
"cntaobao2
tlsSPDc",system
cntaobao!nLzCf9+Vw!n,system
cntaobao!n;n,system
cntaobaoTB9bI3I3We,system
cntaobaosm777,system
cntaobaozizaitest10007,system
cntaobaoabc123e,system
cntaobaoabc123ee,system
cntaobaoabc123ff,system
cntaobaoabc123go,system
cntaobaoabc123gwu,system
cntaobaoabc123hjg,system
cntaobaoabc123jie88,system
cntaobaoabc123love,system
cntaobaoabc123lxj,system
cntaobaoabc123ma,system
cntaobaoabc123may,system
cntaobaoabc123tnt,system
cntaobaoabc123wm,system
cntaobaoabc123x,system
cntaobaoabc123xyz,system
cntaobaoabc123yingxian,system
cntaobaoabc123zangyan,system
cntaobaoabc1230.0.,system
cntaobaoabc1239~4o,system
cntaobaoabc123<ROg,system
cntaobaoabc123?!Cw,system
cntaobaoabc123@6Ll,system
cntaobaoabc123NR88,system
cntaobaoabc124910,system
cntaobaoabc125512807,system
cntaobaoabc125977117,system
cntaobaoabc520pb,system
cntaobaoabc520qq,system
cntaobaoabc520:X@Z,system
cntaobaoabc521202,system
cntaobaoabc521365,system
cntaobaoabc5215097,system
cntaobaoabc521521,system
cntaobaoabc5217890,system
cntaobaoabc523,system
cntaobaoabc5234286,system
cntaobaoabc5238285,system
cntaobaoabc5255329,system
cntaobaoabc5257,system
cntaobaoabc5258465,system
cntaobaoabc5280,system
cntaobaoabc52801418,system
cntaobaoabc53,system
cntaobaoabc5305319,system
cntaobaoabc53112311,system
cntaobaoabc53184,system
cntaobaoabc53343850,system
cntaobaoabc5372687,system
cntaobaoabc54288,system
cntaobaoabc_helene,system
cntaobaoabc_leo,system
cntaobaoabc_lg,system
cntaobaoabc_lily,system
cntaobaoabc_lingxian,system
cntaobaoabc_litao,system
cntaobaoabc_lmn_opq,system
cntaobaoabc_luiying_abc,system
cntaobaoabc_mm,system
cntaobaoabc_nanjing,system
cntaobaoabc_nico,system
cntaobaoabc_popboy,system
cntaobaoabc_ren,system
cntaobaoabc_sky,system
cntaobaoabc_sun,system
cntaobaoabc_tb,system
cntaobaoabc_wtq888,system
cntaobaoabc_xi,system
cntaobaoabc_xiaoli,system
cntaobaoabc_NR510623,system
cntaobaoabca,system
cntaobaoabca021,system
cntaobaoabcaaa,system
cntaobaoabcaaa2,system
cntaobaozizaitest10029,system
cntaobaoabcd6781,system
cntaobaoabcd6789,system
cntaobaoabcd68,system
cntaobaoabcd68122431,system
cntaobaoabcd6845521,system
cntaobaoabcd688,system
cntaobaoabcd6893599,system
cntaobaoabcd700822,system
cntaobaoabcd7072,system
cntaobaoabcd710043,system
cntaobaoabcd7114390,system
cntaobaoabcd716,system
cntaobaoabcd742,system
cntaobaoabcd745896,system
cntaobaoabcd75,system
cntaobaoabcd7600,system
cntaobaoabcd761215,system
cntaobaoabcd7632560,system
cntaobaoabcd7710695,system
cntaobaoabcd7742,system
cntaobaoabcd7758521,system
cntaobaoabcd780615,system
cntaobaoabcd781,system
cntaobaoabcd789456123,system
cntaobaoabcd789987,system
cntaobaoabcdefghij0909,system
cntaobaoabcdefghijklmn1314,system
cntaobaoabcdefghijklmn_sdkja,system
cntaobaoabcdefghim,system
cntaobaoabcdefghip,system
cntaobaoabcdefghit,system
cntaobaoabcdefghj11,system
cntaobaoabcdefghjk,system
cntaobaoabcdefghjkil,system
"cntaobaoabcdefghjz_2008:,1y",system
cntaobaoabcdefghl,system
cntaobaoabcdefghp,system
cntaobaoN^K+,system
cntaobaoyeui,system
cntaobaoV.;*,system
cntaobao2;72,system
cntaobaoabc007,system
cntaobaoabc126163,system
cntaobaoabc12618706,system
cntaobaoabc126621,system
cntaobaoabc1288_2005,system
cntaobaoabc129,system
cntaobaoabc129238,system
cntaobaoabc129520,system
cntaobaoabc12f288,system
cntaobaoabc12hjc,system
cntaobaoabc131049,system
cntaobaoabc13113900414,system
cntaobaoabc13115853959,system
cntaobaoabc1314_2006,system
cntaobaoabc131720,system
cntaobaoabc13173375577,system
cntaobaoabc1324,system
cntaobaoabc13244,system
cntaobaoabc13353611788,system
cntaobaoabc1336617779,system
cntaobaoabc135399,system
cntaobaoabc13566699841,system
cntaobaoabc1357,system
cntaobaoabc13600175891,system
cntaobaoabc1361,system
cntaobaoabc136136136,system
cntaobao-john,system
cntaobaoabc55211,system
cntaobaoabc55380585,system
cntaobaoabc5550111,system
cntaobaoabc555110,system
cntaobaoabc5552,system
cntaobaoabc55546555,system
cntaobaoabc55555,system
cntaobaoabc55596,system
cntaobaoabc5563,system
cntaobaoabc5566,system
cntaobaoabc5566a,system
cntaobaoabc5568441,system
cntaobaoabc5590031,system
cntaobaoabc5590816,system
cntaobaoabc5599465,system
cntaobaoabc5623335,system
cntaobaoabc56265061,system
cntaobaoabc562825793,system
cntaobaoabc563238049,system
cntaobaoabc5653991,system
cntaobaoabc5672331,system
cntaobaoabc56773785,system
cntaobaoabc5678988,system
cntaobaoabc568636842,system
cntaobaoabc5698828,system
cntaobaoabc5732311,system
cntaobaoabcaaaaaaaa,system
cntaobaoabcaaabbb,system
cntaobaoabcaaaccc,system
cntaobaoabcaabbcc,system
cntaobaoabcabc0517,system
cntaobaoabcabc0919,system
cntaobaoabcabc1000,system
cntaobaoabcabc11119,system
cntaobaoabcabc119_2005,system
cntaobaoabcabc123,system
cntaobaoabcabc1231,system
cntaobaoabcabc12388,system
cntaobaoabcabc123_123,system
cntaobaoabcabc136,system
cntaobaoabcabc168168,system
cntaobaoabcabc334499,system
cntaobaoabcabc77885211,system
cntaobaoabcabc7878,system
cntaobaoabcabc9527,system
cntaobaoabcabc9988,system
cntaobaoabcabc_sh,system
cntaobaoabcabcab88,system
cntaobaoabcabcabc,system
cntaobaoabcabcabca,system
cntaobaoabcabcde,system
cntaobaoabcabcdee,system
cntaobaoabcd79516,system
cntaobaoabcd7967,system
cntaobaoabcd8,system
cntaobaoabcd800522,system
cntaobaoabcd8049_dcba,system
cntaobaoabcd8063986,system
cntaobaoabcd8080,system
cntaobaoabcd8087,system
cntaobaoabcd810518,system
cntaobaoabcd814817,system
cntaobaoabcd816,system
cntaobaoabcd81701107,system
cntaobaoabcd820820,system
cntaobaoabcd820_VG,system
cntaobaoabcd821001,system
cntaobaoabcd8215333,system
cntaobaoabcd82612178,system
cntaobaoabcd830817,system
cntaobaoabcd83210,system
cntaobaoabcd8452,system
cntaobaoabcd846,system
cntaobaoabcd85,system
cntaobaoabcd850914,system
cntaobaoabcd8509140,system
cntaobaoabcd85830039,system
cntaobaoabcd85851914,system
cntaobaoabcd858519141,system
cntaobaoabcd8682,system
cntaobaoabcd868565,system
cntaobaoabcd875123,system
cntaobaoabcd8807,system
cntaobaoabcd8818,system
cntaobaoabcd8858,system
cntaobaoabcdefgjl112345,system
cntaobaoabcdefglan,system
cntaobaoabcdefglkjh,system
cntaobaoabcdefglove,system
cntaobaoabcdefgmn,system
cntaobaoabcdefgnm,system
cntaobaoabcdefgq,system
cntaobaoabcdefgq1234567,system
cntaobaoabcdefgq_tb,system
cntaobaoabcdefgss,system
cntaobaoabcdefgwhr,system
cntaobaoabcdefgwjc,system
cntaobaoabcdefgxx,system
cntaobaoabcdefgyo,system
cntaobaoabcdefgyxb,system
cntaobaoabcdefgz8,system
cntaobaoabcdefgzxq,system
cntaobaoabcdefgVm,system
cntaobaoabcdefh2005,system
cntaobaoabcdefht,system
cntaobaoabcdefj001,system
cntaobaoabcdefj123,system
cntaobaoabcdefj123456_2005,system
cntaobaoabcdefjay,system
cntaobaoabcdefjh_xy,system
cntaobaoabcdefjhi123456,system
cntaobaoabcnn007,system
cntaobaoabcoa,system
cntaobaoC;JB@49d9d,system
cntaobao51woo,system
cntaobaoabcC;JB@49d9d,system
cntaobaoND>},system
cntaobaoabcdefgh12,system
cntaobaoabcghj,system
cntaobao1980abc,system
cntaobaoabc200,system
cntaobaomfrog,system
cntaobaoa_bao,system
cntaobaoabc002,system
cntaobaoR9TB,system
cntaobao1yTF,system
cntaobaofangyi,system
cntaobaozizaitest10008,system
cntaobaoa_tao,system
cntaobaoabc13801,system
cntaobaoabc13802496481,system
cntaobaoabc138139,system
cntaobaoabc138498,system
cntaobaoabc1394,system
cntaobaoabc1395240054,system
cntaobaoabc13968787,system
cntaobaoabc1414114abc,system
cntaobaoabc142,system
cntaobaoabc142422,system
cntaobaoabc142737,system
cntaobaoabc1444433,system
cntaobaoabc14444444,system
cntaobaoabc14700,system
cntaobaoabc147258159,system
cntaobaoabc147741,system
cntaobaoabc148,system
cntaobaoabc15,system
cntaobaoabc151378908,system
cntaobaoabc151514,system
cntaobaoabc152018000,system
cntaobaoabc153601,system
cntaobaoabc155041731,system
cntaobaoabc157527,system
cntaobaoabc159357,system
cntaobaoabc159357159357,system
cntaobaoabc159357abc,system
cntaobaoabc159951,system
cntaobao-2706H,system
cntaobaoabc57369,system
cntaobaoabc5797060W77g,system
cntaobaoabc58021172,system
cntaobaoabc5809511,system
cntaobaoabc5811196,system
cntaobaoabc58188,system
cntaobaoabc5823,system
cntaobaoabc5827,system
cntaobaoabc5857,system
cntaobaoabc5859566,system
cntaobaoabc58616,system
cntaobaoabc5866321,system
cntaobaoabc58823,system
cntaobaoabc58851234,system
cntaobaoabc590813,system
cntaobaoabc592317752,system
cntaobaoabc5929817,system
cntaobaoabc5946,system
cntaobaoabc595,system
cntaobaoabc598,system
cntaobaoabc5992169,system
cntaobaoabc6012,system
cntaobaoabc605992600,system
cntaobaoabc6060a,system
cntaobaoabc606833,system
cntaobaoabc612354,system
cntaobaoabc612888,system
cntaobaoabc6135,system
cntaobaoabc618,system
cntaobaoabcabce,system
cntaobaoabcabcfly,system
cntaobaoabcabcpen,system
cntaobaoabcabcqwer,system
cntaobaoabcabcqwert,system
cntaobaoabcabcwww,system
cntaobaoabcabcyuqun,system
cntaobaoabcabczyy,system
cntaobaoabcadc23,system
cntaobaoabcadr,system
cntaobaoabcafhaohao,system
cntaobaoabcai,system
cntaobaoabcakang,system
cntaobaoabcalex123,system
cntaobaoabcalid,system
cntaobaoabcamayi,system
cntaobaoabcandxyz,system
cntaobaoabcang,system
cntaobaoabcanna,system
cntaobaoabcapple32,system
cntaobaoabcasd119,system
cntaobaoabcat,system
cntaobaoabcaurora,system
cntaobaoabcba126,system
cntaobaoabcba2008,system
cntaobaoabcd88885,system
cntaobaoabcd88888888,system
cntaobaoabcd8888_2005,system
cntaobaoabcd888919,system
cntaobaoabcd888abcd,system
cntaobaoabcd888hb,system
cntaobaoabcd889988,system
cntaobaoabcd88vv,system
cntaobaoabcd890,system
cntaobaoabcd8900523,system
cntaobaoabcd8902,system
cntaobaoabcd8dy,system
cntaobaoabcd900800,system
cntaobaoabcd901,system
cntaobaoabcd910571,system
cntaobaoabcd94300,system
cntaobaoabcd94629,system
cntaobaoabcd95,system
cntaobaoabcd9655,system
cntaobaoabcd9701338,system
cntaobaoabcd970408,system
cntaobaoabcd9845310,system
cntaobaoabcd988,system
cntaobaoabcd990514,system
cntaobaoabcd9999,system
cntaobaoabcd99abcd,system
cntaobaoabcd_006009,system
cntaobaoabcd_123450,system
cntaobaoabcd_123_abcd,system
cntaobaoabcd_128,system
cntaobaoabcdefjk88,system
cntaobaoabcdeflulu,system
cntaobaoabcdeflzx,system
cntaobaoabcdefx,system
cntaobaoabcsa,system
cntaobaoabcd12325963,system
cntaobaoabcd1234abcd,system
cntaobaoabcd12391,system
cntaobaoabcd0009,system
cntaobaoabc009,system
cntaobaoabc162,system
cntaobaoabc162245,system
cntaobaoabc163com,system
cntaobaoabc167,system
cntaobaoabc167167,system
cntaobaoabc1685678,system
cntaobaoabc1688,system
cntaobaoabc168861abc,system
cntaobaoabc1688752,system
cntaobaoabc168922,system
cntaobaoabc16897866,system
cntaobaoabc168_52077,system
cntaobaoabc1683I3I,system
cntaobaoabc16_2005,system
cntaobaoabc17,system
cntaobaoabc1700,system
cntaobaoabc172968,system
cntaobaoabc174625781,system
cntaobaoabc1756,system
cntaobaoabc175753,system
